ML Model Name,Accuracy,AUC,Precision,Recall,F1 Score,MCC Score
Logistic Regression,0.9962406015037594,0.9998831345899972,0.9965253648366922,0.9993031358885017,0.9979123173277662,0.9791403114643379
Decision Tree,1.0,1.0,1.0,1.0,1.0,1.0
kNN,0.9298245614035088,0.8850845110048261,0.9337704918032786,0.9923344947735192,0.9621621621621622,0.5331801415326937
Naive Bayes,0.974937343358396,0.9957755318458242,0.9936305732484076,0.978397212543554,0.9859550561797753,0.871981021905507
Random Forest,1.0,1.0,1.0,1.0,1.0,1.0
XGBoost,0.9987468671679198,0.9999913433029627,0.9986082115518441,1.0,0.9993036211699164,0.9930776105626838
