ML Model Name,Accuracy,AUC,Precision,Recall,F1 Score,MCC Score
Logistic Regression,0.8978696741854637,0.9702902157681736,0.9907407407407407,0.894773519163763,0.9403149029659466,0.6322900748682941
Decision Tree,0.9035087719298246,0.7092258748674443,0.9408121128699243,0.9526132404181185,0.9466759002770083,0.4412487121536055
kNN,0.9060150375939849,0.7905490510095874,0.916396629941672,0.9853658536585366,0.9496306245802552,0.3094763670185263
Naive Bayes,0.9360902255639098,0.9568420369208128,0.9452237808951236,0.9860627177700348,0.9652114597544338,0.595247254893562
Random Forest,0.9285714285714286,0.9598091198303287,0.9319816873773709,0.9930313588850174,0.9615384615384616,0.521210433707673
XGBoost,0.931077694235589,0.9577250200186119,0.9497623896809233,0.9749128919860627,0.9621733149931224,0.5818793352711336
