ML Model Name,Accuracy,AUC,Precision,Recall,F1 Score,MCC Score
Logistic Regression,0.9429824561403509,0.9697102170666783,0.9571428571428572,0.9804878048780488,0.9686746987951808,0.6580296956379419
Decision Tree,0.9104010025062657,0.7792304196333888,0.9562146892655368,0.9435540069686411,0.9498421606453876,0.5316964173439602
kNN,0.9060150375939849,0.7905490510095874,0.916396629941672,0.9853658536585366,0.9496306245802552,0.3094763670185263
Naive Bayes,0.9360902255639098,0.9568420369208128,0.9452237808951236,0.9860627177700348,0.9652114597544338,0.595247254893562
Random Forest,0.9323308270676691,0.9550652498539183,0.9350819672131148,0.9937282229965156,0.9635135135135136,0.5533619415276225
XGBoost,0.931077694235589,0.9577250200186119,0.9497623896809233,0.9749128919860627,0.9621733149931224,0.5818793352711336
