ML Model Name,Accuracy,AUC,Precision,Recall,F1 Score,MCC Score
Logistic Regression,0.8996865203761756,0.9719960231038728,0.9890965732087228,0.8968926553672316,0.9407407407407408,0.6522435757611462
Decision Tree,0.9153605015673981,0.7766369188523814,0.9494736842105264,0.9555084745762712,0.9524815205913411,0.5659347788512611
kNN,0.9003134796238245,0.8448181990341823,0.9089134677944047,0.9865819209039548,0.9461564510667119,0.3447573054557052
Naive Bayes,0.9335423197492163,0.9636792601710696,0.9395973154362416,0.9887005649717514,0.9635237439779766,0.6184772857524394
Random Forest,0.9216300940438872,0.9594380267020169,0.9210697977821265,0.9971751412429378,0.9576127500847745,0.5245215785904349
XGBoost,0.929153605015674,0.9622037054571853,0.9490006891798759,0.972457627118644,0.9605859783746076,0.615734787588511
